Id,Likes,Retweets,Author,Party,Main_topic
0,5,1,Íñigo Errejón Galván,Más País-Equo,National Covid Crisis
1,625,275,Manuel Mariscal Zabala,Vox,National politics
2,39,3,José María Figaredo Álvarez-Sala,Vox,National politics
3,9,0,Víctor Manuel Sánchez del Real,Vox,Social values related to families
4,161,39,Ana Belén Vázquez Blanco,PP,Threats to left-wing politicians (bullet on card)
5,0,1,Manuel Mestre Barea,Vox,National politics
6,8,5,Pilar Marcos Domínguez,PP,National Covid Crisis
7,738,254,José Zaragoza Alonso,PSC,National Covid Crisis
8,217,95,Pilar Cancela Rodríguez,PSdeG-PSOE,Threats to left-wing politicians (bullet on card)
9,5,3,María Carvalho Dantas,ERC-S,Madrid elections (candidacies)
10,15,7,Sandra Guaita Esteruelas,PSC,Threats to left-wing politicians (bullet on card)
11,10,2,Carlos José Zambrano García-Raez,Vox,Threats to left-wing politicians (bullet on card)
12,178,71,Inés Sabanés Nadal,Más País-Equo,I Congress on Childhood and Adolescence
13,636,432,Jaime Eduardo de Olano Vela,PP,Society's values and rights
14,11,5,Pilar Marcos Domínguez,PP,Madrid elections (candidacies)
15,33,24,Joaquín María García Díez,PP,Threats to left-wing politicians (bullet on card)
16,0,1,Martina Velarde Gómez,Unidas Podemos,Political opinion
17,170,56,Irene María Montero Gil,Unidas Podemos,Evolution of the vaccination plan and pandemic situation
18,10,9,Óscar Gamazo Micó,PP,Madrid elections (candidacies)
19,270,123,Ricardo Chamorro Delmo,Vox,Political opinion
20,4,1,Ana Prieto Nieto,PSdeG-PSOE,Society's values and rights
21,12,6,César Joaquín Ramos Esteban,PSOE,Threats to left-wing politicians (bullet on card)
22,147,60,Ione Belarra Urteaga,Unidas Podemos,Threats to left-wing politicians (bullet on card)
23,11,2,Elena Castillo López,PP,National Covid Crisis
24,572,355,Francisco José Alcaraz Martos,Vox,Hatred and threats to the welfare state
25,1042,258,Yolanda Díaz Pérez,En Común,Madrid elections (candidacies)
26,72,31,Víctor Manuel Sánchez del Real,Vox,National politics
27,79,43,Francisco José Alcaraz Martos,Vox,National politics
28,39,0,Íñigo Errejón Galván,Más País-Equo,Madrid elections (candidacies)
29,26,9,Sonia Guerra López,PSC,Society's values and rights
30,2336,472,Íñigo Errejón Galván,Más País-Equo,National Covid Crisis
31,555,183,Inés Arrimadas García,Ciudadanos,I Congress on Childhood and Adolescence
32,2,3,Agustín Almodóbar Barceló,PP,Evolution of the vaccination plan and pandemic situation
33,5,4,Carmen Riolobos Regadera,PP,Threats to left-wing politicians (bullet on card)
34,52,44,Lídia Guinart Moreno,PSC,Political opinion
35,1825,742,Carla Toscano de Balbín,Vox,I Congress on Childhood and Adolescence
36,70,28,Patricia De las Heras Fernández,Vox,I Congress on Childhood and Adolescence
37,3,4,Pedro Antonio Honrubia Hurtado,Unidas Podemos,National politics
38,18,2,Irene María Montero Gil,Unidas Podemos,Political opinion
39,3,0,José Ortiz Galván,PP,I Congress on Childhood and Adolescence
40,1,2,Antonia Jover Díaz,Unidas Podemos,Evolution of the vaccination plan and pandemic situation
41,1,2,Óscar Gamazo Micó,PP,I Congress on Childhood and Adolescence
42,472,146,Víctor Manuel Sánchez del Real,Vox,Threats to left-wing politicians (bullet on card)
43,312,146,Martina Velarde Gómez,Unidas Podemos,National politics
44,1093,321,Pablo Casado Blanco,PP,Garbage Topic
45,1,0,Pilar Cancela Rodríguez,PSdeG-PSOE,I Congress on Childhood and Adolescence
46,1051,531,Edurne Uriarte Bengoechea,PP,Madrid elections (candidacies)
47,30,3,Víctor Manuel Sánchez del Real,Vox,Climate change and future
48,993,292,Juan Luis Steegmann Olmedillas,Vox,Working class defense
49,21,10,Vicente Tirado Ochoa,PP,Climate change and future
50,2,2,Daniel Vicente Viondi,PSOE,Hatred and threats to the welfare state
51,10,6,María del Mar García Puig,En Comú Podem,I Congress on Childhood and Adolescence
52,7,6,Pau Mari Klose,PSOE,National politics
53,42,15,Víctor Valentín Píriz Maya,PP,Climate change and future
54,28,13,Oskar Matute García de Jalón,EH Bildu,Society's values and rights
55,120,61,Jaime Eduardo de Olano Vela,PP,National politics
56,0,1,Francisco José Contreras Peláez,Vox,Hatred and threats to the welfare state
57,348,204,Belén Hoyo Juliá,PP,Political opinion
58,276,93,Mario Garcés Sanagustín,PP,Madrid elections (candidates congratulations)
59,7,0,Belén Hoyo Juliá,PP,Political opinion
60,1,0,Víctor Manuel Sánchez del Real,Vox,Tax increase plan for the European Union
61,37,18,Luis Gestoso de Miguel,Vox,Tax increase plan for the European Union
62,110,41,María Muñoz Vidal,Ciudadanos,Social values related to families
63,85,41,María Luz Martínez Seijo,PSOE,Hatred and threats to the welfare state
64,97,64,María Luz Martínez Seijo,PSOE,National politics
65,3,1,Carmen Riolobos Regadera,PP,National Covid Crisis
66,21,3,Pau Mari Klose,PSOE,Madrid elections (candidacies)
67,2396,954,Víctor Manuel Sánchez del Real,Vox,National Covid Crisis
68,157,45,Irene María Montero Gil,Unidas Podemos,Madrid elections (candidates congratulations)
69,8,3,Rafael José Vélez,PSOE,Evolution of the vaccination plan and pandemic situation
70,1,1,Roberto Uriarte Torrealday,Unidas Podemos,National Covid Crisis
71,12,10,Rafael José Vélez,PSOE,I Congress on Childhood and Adolescence
72,1223,439,Pablo Casado Blanco,PP,Threats to left-wing politicians (bullet on card)
73,478,213,Ione Belarra Urteaga,Unidas Podemos,I Congress on Childhood and Adolescence
74,168,48,Agustín Rosety Fernández de Castro,Vox,Tax increase plan for the European Union
75,63,17,Ana María Pastor Julián,PP,I Congress on Childhood and Adolescence
76,853,192,Francisco José Contreras Peláez,Vox,Evolution of the vaccination plan and pandemic situation
77,2150,681,Cayetana Álvarez de Toledo Peralta-Ramos,PP,Social values related to families
78,1086,425,Carla Toscano de Balbín,Vox,Hatred and threats to the welfare state
79,50,34,Martina Velarde Gómez,Unidas Podemos,I Congress on Childhood and Adolescence
80,37,14,Marta Martín Llaguno,Ciudadanos,Working class defense
81,24,11,Sergio Gutiérrez Prieto,PSOE,Working class defense
82,98,8,María del Mar García Puig,En Comú Podem,National politics
83,24,4,Pilar Cancela Rodríguez,PSdeG-PSOE,National Covid Crisis
84,60,17,Emilio Jesús Del Valle Rodríguez,Vox,Madrid elections (candidates congratulations)
85,79,20,Ana María Pastor Julián,PP,Working class defense
86,9,5,Ricardo Chamorro Delmo,Vox,Madrid elections (candidacies)
87,152,55,Carmen Calvo Poyato,PSOE,Society's values and rights
88,1,5,Agustín Almodóbar Barceló,PP,National Covid Crisis
89,1404,548,Pedro Sánchez Pérez-Castejón,PSOE,Climate change and future
90,159,54,María Muñoz Vidal,Ciudadanos,Madrid elections (candidacies)
91,94,57,Antonio González Terol,PP,Political opinion
92,145,64,Pedro Casares Hontañón,PSOE,Garbage Topic
93,0,1,Pilar Marcos Domínguez,PP,Evolution of the vaccination plan and pandemic situation
94,2,1,María Carvalho Dantas,ERC-S,I Congress on Childhood and Adolescence
95,0,0,Pilar Cancela Rodríguez,PSdeG-PSOE,Evolution of the vaccination plan and pandemic situation
96,12,5,María Luz Martínez Seijo,PSOE,Society's values and rights
97,881,298,Mertxe Aizpurua Arzallus,EH Bildu,Garbage Topic
98,3,2,Fuensanta Lima Cid,PSOE,Climate change and future
99,374,132,Meritxell Batet Lamaña,PSC,Working class defense
100,2,0,Pablo Iglesias Turrión,Unidas Podemos,Political opinion
101,12,5,María Mercè Perea i Conillas,PSC,Political opinion
102,3681,1174,Yolanda Díaz Pérez,En Común,Madrid elections (candidates congratulations)
103,688,351,Oskar Matute García de Jalón,EH Bildu,Threats to left-wing politicians (bullet on card)
104,3761,1475,Marisa Saavedra Muñoz,Unidas Podemos,Tax increase plan for the European Union
105,92,3,Macarena Olona Choclán,Vox,National Covid Crisis
106,377,141,Pablo Montesinos Aguayo,PP,Political opinion
107,54,15,José Ramírez del Río,Vox,Society's values and rights
108,2501,648,Rocío De Meer Méndez,Vox,Madrid elections (candidates congratulations)
109,0,1,Óscar Gamazo Micó,PP,Society's values and rights
110,195,64,María Muñoz Vidal,Ciudadanos,Garbage Topic
111,46,13,María Gloria Elizo Serrano,Unidas Podemos,Political opinion
112,138,15,Carla Toscano de Balbín,Vox,Madrid elections (candidates congratulations)
113,0,0,Mario Garcés Sanagustín,PP,Tax increase plan for the European Union
114,196,44,Mario Garcés Sanagustín,PP,National politics
115,3316,903,Beatriz Álvarez Fanjul,PP,National Covid Crisis
116,2,5,Lídia Guinart Moreno,PSC,Threats to left-wing politicians (bullet on card)
117,38,6,Andrés Lorite Lorite,PP,Hatred and threats to the welfare state
118,10,1,Cristina López Zamora,PSOE,Garbage Topic
119,490,238,Rafael Mayoral Perales,Unidas Podemos,Evolution of the vaccination plan and pandemic situation
120,4,2,Víctor Valentín Píriz Maya,PP,Hatred and threats to the welfare state
121,9,4,Rodrigo Jiménez Revuelta,Vox,Madrid elections (candidates congratulations)
122,53,7,Eduardo Carazo Hermoso,PP,I Congress on Childhood and Adolescence
123,458,94,Jon Iñarritu García,EH Bildu,Madrid elections (candidacies)
124,35,16,Manuel Mestre Barea,Vox,Evolution of the vaccination plan and pandemic situation
125,9288,3251,Macarena Olona Choclán,Vox,Social values related to families
126,239,114,Gerardo Pisarello Prados,En Comú Podem,Garbage Topic
127,9,0,Sergio Gutiérrez Prieto,PSOE,National politics
128,118,70,María Gloria Elizo Serrano,Unidas Podemos,Climate change and future
129,9,3,Rodrigo Jiménez Revuelta,Vox,National Covid Crisis
130,1,1,Marisol Sánchez Jódar,PSOE,National Covid Crisis
131,220,89,Ricardo Chamorro Delmo,Vox,National politics
132,3,3,Carmen Riolobos Regadera,PP,Madrid elections (candidacies)
133,378,173,Juan José Aizcorbe Torra,Vox,Threats to left-wing politicians (bullet on card)
134,22,8,Manuel Mestre Barea,Vox,National Covid Crisis
135,126,88,María Gloria Elizo Serrano,Unidas Podemos,National politics
136,49,34,Juan Antonio López de Uralde Garmendia,Unidas Podemos,Society's values and rights
137,2,1,María Jesús Moro Almaraz,PP,Tax increase plan for the European Union
138,2,3,Víctor Valentín Píriz Maya,PP,Tax increase plan for the European Union
139,119,73,Francisco José Alcaraz Martos,Vox,Garbage Topic
140,1013,542,Jon Iñarritu García,EH Bildu,Threats to left-wing politicians (bullet on card)
141,261,117,Daniel Vicente Viondi,PSOE,I Congress on Childhood and Adolescence
142,1148,584,Víctor Manuel Sánchez del Real,Vox,Society's values and rights
143,397,189,Víctor González Coello de Portugal,Vox,Society's values and rights
144,68,28,Inés Sabanés Nadal,Más País-Equo,Tax increase plan for the European Union
145,548,177,Oskar Matute García de Jalón,EH Bildu,Madrid elections (candidates congratulations)
146,53,51,Daniel Vicente Viondi,PSOE,I Congress on Childhood and Adolescence
147,6,3,Pablo Juan Calvo Liste,Vox,Evolution of the vaccination plan and pandemic situation
148,163,25,Marta Martín Llaguno,Ciudadanos,Hatred and threats to the welfare state
149,4,2,Ricardo Chamorro Delmo,Vox,I Congress on Childhood and Adolescence
150,157,71,Jaume Asens Llodrà,En Comú Podem,National politics
151,523,253,Edmundo Bal Francés,Ciudadanos,Social values related to families
152,179,98,Rafael Simancas Simancas,PSOE,Evolution of the vaccination plan and pandemic situation
153,6,5,Víctor Valentín Píriz Maya,PP,Political opinion
154,445,121,Yolanda Díaz Pérez,En Común,Madrid elections (candidates congratulations)
155,65,33,Francisco José Alcaraz Martos,Vox,Political opinion
156,386,113,Francisco José Alcaraz Martos,Vox,I Congress on Childhood and Adolescence
157,17,10,Marisol Sánchez Jódar,PSOE,Madrid elections (candidates congratulations)
158,443,197,Ione Belarra Urteaga,Unidas Podemos,Evolution of the vaccination plan and pandemic situation
159,49,18,Pilar Cancela Rodríguez,PSdeG-PSOE,Tax increase plan for the European Union
160,76,36,Meritxell Batet Lamaña,PSC,Garbage Topic
161,298,64,Víctor Manuel Sánchez del Real,Vox,National Covid Crisis
162,105,51,Pedro Casares Hontañón,PSOE,Hatred and threats to the welfare state
163,36,19,Francisco José Alcaraz Martos,Vox,Madrid elections (candidates congratulations)
164,122,12,Margarita Prohens Rigo,PP,I Congress on Childhood and Adolescence
165,141,41,Roberto Uriarte Torrealday,Unidas Podemos,Threats to left-wing politicians (bullet on card)
166,118,36,Rafael Simancas Simancas,PSOE,Garbage Topic
167,917,272,Yolanda Díaz Pérez,En Común,National politics
168,11,2,José Ramírez del Río,Vox,Threats to left-wing politicians (bullet on card)
169,2,3,Carmen Riolobos Regadera,PP,Evolution of the vaccination plan and pandemic situation
170,5,1,Juan Francisco Serrano Martínez,PSOE,Madrid elections (candidacies)
171,155,68,Francisco José Contreras Peláez,Vox,Working class defense
172,9,4,Rosa María Romero Sánchez,PP,Threats to left-wing politicians (bullet on card)
173,5,4,Agustín Almodóbar Barceló,PP,Tax increase plan for the European Union
174,10,3,José Ángel Alonso Pérez,PP,Working class defense
175,23,13,Víctor Valentín Píriz Maya,PP,National politics
176,15,7,Ignacio López Cano,PSOE,Garbage Topic
177,2,0,Omar Anguita Pérez,PSOE,I Congress on Childhood and Adolescence
178,1,1,María Ángeles Marra Domínguez,PSdeG-PSOE,Madrid elections (candidacies)
179,203,107,José Luis Ábalos Meco,PSOE,Society's values and rights
180,9,5,José Luis Aceves Galindo,PSOE,National politics
181,1057,235,Alberto Garzón Espinosa,Unidas Podemos,Society's values and rights
182,46,10,Ana María Pastor Julián,PP,National politics
183,1046,342,Irene María Montero Gil,Unidas Podemos,Madrid elections (candidacies)
184,205,98,Patricia Rueda Perelló,Vox,Political opinion
185,119,87,Jaime Eduardo de Olano Vela,PP,Threats to left-wing politicians (bullet on card)
186,1298,321,María Gloria Elizo Serrano,Unidas Podemos,Climate change and future
187,675,329,Ione Belarra Urteaga,Unidas Podemos,National politics
188,159,63,Juan Antonio López de Uralde Garmendia,Unidas Podemos,Madrid elections (candidacies)
189,3683,1005,Iván Espinosa de los Monteros de Simón,Vox,Madrid elections (candidates congratulations)
190,50,0,Íñigo Errejón Galván,Más País-Equo,Threats to left-wing politicians (bullet on card)
191,0,1,Martina Velarde Gómez,Unidas Podemos,Tax increase plan for the European Union
192,1,0,Odón Elorza González,PSE-EE-PSOE,National Covid Crisis
193,35,21,Pedro Casares Hontañón,PSOE,Madrid elections (candidates congratulations)
194,112,58,Pedro Casares Hontañón,PSOE,National politics
195,535,239,Pablo Casado Blanco,PP,Garbage Topic
196,57,22,Emilio Jesús Del Valle Rodríguez,Vox,Tax increase plan for the European Union
197,6,2,Francisco Aranda Vargas,PSC,Hatred and threats to the welfare state
198,1160,391,Agustín Rosety Fernández de Castro,Vox,Political opinion
199,16,5,Carlos José Zambrano García-Raez,Vox,Tax increase plan for the European Union
200,16,9,Carmen Calvo Poyato,PSOE,Madrid elections (candidacies)
201,8120,1873,Isabel Franco Carmona,Unidas Podemos,Evolution of the vaccination plan and pandemic situation
202,49,39,Lídia Guinart Moreno,PSC,I Congress on Childhood and Adolescence
203,257,140,Rafael Simancas Simancas,PSOE,I Congress on Childhood and Adolescence
204,150,56,Íñigo Errejón Galván,Más País-Equo,Society's values and rights
205,42,13,Francisco José Alcaraz Martos,Vox,Madrid elections (candidacies)
206,3,2,Albert Botran Pahissa,CUP-PR,Madrid elections (candidates congratulations)
207,1802,621,Irene María Montero Gil,Unidas Podemos,Madrid elections (candidacies)
208,4,2,Pere Joan Pons Sampietro,PSOE,Social values related to families
209,66,38,Andrés Lorite Lorite,PP,Climate change and future
210,12,7,Pedro Navarro López,PP,I Congress on Childhood and Adolescence
211,10,5,Víctor Valentín Píriz Maya,PP,Madrid elections (candidacies)
212,135,83,Gerardo Pisarello Prados,En Comú Podem,Garbage Topic
213,841,335,Pablo Casado Blanco,PP,Hatred and threats to the welfare state
214,420,167,Ana Belén Vázquez Blanco,PP,Political opinion
215,46,18,Pau Mari Klose,PSOE,Madrid elections (candidates congratulations)
216,4,0,Víctor Manuel Sánchez del Real,Vox,Threats to left-wing politicians (bullet on card)
217,196,81,Inés Sabanés Nadal,Más País-Equo,Tax increase plan for the European Union
218,48,37,Jaime Eduardo de Olano Vela,PP,National Covid Crisis
219,2280,800,Francisco Javier Ortega Smith-Molina,Vox,Political opinion
220,0,0,Juan Antonio López de Uralde Garmendia,Unidas Podemos,Threats to left-wing politicians (bullet on card)
221,1,1,Helena Caballero Gutiérrez,PSOE,Garbage Topic
222,116,59,Ana Belén Vázquez Blanco,PP,National Covid Crisis
223,49,12,Francisco Aranda Vargas,PSC,Garbage Topic
224,109,13,Macarena Olona Choclán,Vox,National Covid Crisis
225,18,9,Pablo Juan Calvo Liste,Vox,National politics
226,771,277,Francisco Javier Ortega Smith-Molina,Vox,Threats to left-wing politicians (bullet on card)
227,415,65,Yolanda Díaz Pérez,En Común,Threats to left-wing politicians (bullet on card)
228,672,244,Noelia Vera Ruíz-Herrera,Unidas Podemos,National politics
229,2130,402,Rocío De Meer Méndez,Vox,National politics
230,256,145,Ignacio López Cano,PSOE,Garbage Topic
231,1176,397,Agustín Rosety Fernández de Castro,Vox,Climate change and future
232,142,59,Francisco José Alcaraz Martos,Vox,Political opinion
233,0,2,Agustín Almodóbar Barceló,PP,Evolution of the vaccination plan and pandemic situation
234,81,31,Sara Giménez Giménez,Ciudadanos,Garbage Topic
235,251,73,Alberto Garzón Espinosa,Unidas Podemos,Garbage Topic
236,22,9,Víctor González Coello de Portugal,Vox,Madrid elections (candidates congratulations)
237,27,5,Francisco José Alcaraz Martos,Vox,Threats to left-wing politicians (bullet on card)
238,9,5,Ricardo Chamorro Delmo,Vox,Hatred and threats to the welfare state
239,2,0,Meritxell Batet Lamaña,PSC,Garbage Topic
240,3,0,Juan Francisco Serrano Martínez,PSOE,Climate change and future
241,43,18,Diego Gago Bugarín,PP,Society's values and rights
242,123,45,Pau Mari Klose,PSOE,National Covid Crisis
243,33,13,Luis Gestoso de Miguel,Vox,National politics
244,65,16,Marta Martín Llaguno,Ciudadanos,I Congress on Childhood and Adolescence
245,3,1,Fuensanta Lima Cid,PSOE,Garbage Topic
246,170,60,Rubén Silvano Manso Olivar,Vox,Threats to left-wing politicians (bullet on card)
247,4,0,Joaquín Robles López,Vox,National politics
248,15,4,Vicente Betoret Coll,PP,Madrid elections (candidates congratulations)
249,65,24,Ione Belarra Urteaga,Unidas Podemos,Garbage Topic
250,27,16,Sonia Guerra López,PSC,Political opinion
251,2,0,Eduardo Carazo Hermoso,PP,Threats to left-wing politicians (bullet on card)
252,191,116,Emilio Jesús Del Valle Rodríguez,Vox,Madrid elections (candidates congratulations)
253,27,21,Pedro Casares Hontañón,PSOE,Society's values and rights
254,217,112,Pablo Sáez Alonso-Muñumer,Vox,Madrid elections (candidacies)
255,263,96,Pablo Montesinos Aguayo,PP,Madrid elections (candidacies)
256,14,4,María Pilar Ramallo Vázquez,PP,Society's values and rights
257,13,3,Daniel Vicente Viondi,PSOE,Climate change and future
258,17,5,Francisco Aranda Vargas,PSC,Society's values and rights
259,25,17,Rafael José Vélez,PSOE,Threats to left-wing politicians (bullet on card)
260,536,117,Jon Iñarritu García,EH Bildu,Evolution of the vaccination plan and pandemic situation
261,55,25,Joan Mena Arca,En Comú Podem,Madrid elections (candidacies)
262,13,6,Pilar Gómez Calvo,JxCAT,Madrid elections (candidacies)
263,83,33,Alberto Rodríguez Rodríguez,Unidas Podemos,National politics
264,54,9,Francisco José Contreras Peláez,Vox,Society's values and rights
265,66,9,Emilio Jesús Del Valle Rodríguez,Vox,Working class defense
266,7,3,Pilar Marcos Domínguez,PP,Garbage Topic
267,7,2,Carmen Riolobos Regadera,PP,Madrid elections (candidacies)
268,17,10,Pablo Juan Calvo Liste,Vox,National Covid Crisis
269,130,67,Francisco José Alcaraz Martos,Vox,Social values related to families
270,610,275,Antonio Gómez-Reino Varela,En Común,Madrid elections (candidacies)
271,12,6,Eloy Suárez Lamata,PP,Tax increase plan for the European Union
272,9,1,Sergio Sayas López,Navarra Suma,I Congress on Childhood and Adolescence
273,13,13,Víctor Valentín Píriz Maya,PP,Madrid elections (candidacies)
274,806,321,Inés Arrimadas García,Ciudadanos,Tax increase plan for the European Union
275,1,2,Esther Peña Camarero,PSOE,National Covid Crisis
276,565,205,Pedro Sánchez Pérez-Castejón,PSOE,Madrid elections (candidates congratulations)
277,946,525,Iván Espinosa de los Monteros de Simón,Vox,Hatred and threats to the welfare state
278,458,181,Irene María Montero Gil,Unidas Podemos,Madrid elections (candidacies)
279,0,1,Jesús Postigo Quintana,PP,Society's values and rights
280,125,46,Jaume Asens Llodrà,En Comú Podem,National politics
281,152,64,Oskar Matute García de Jalón,EH Bildu,I Congress on Childhood and Adolescence
282,1298,563,José Luis Ábalos Meco,PSOE,National politics
283,312,144,José Luis Ábalos Meco,PSOE,National Covid Crisis
284,146,98,José Luis Ábalos Meco,PSOE,Society's values and rights
285,59,25,Pilar Cancela Rodríguez,PSdeG-PSOE,Madrid elections (candidacies)
286,1,0,Odón Elorza González,PSE-EE-PSOE,Society's values and rights
287,0,0,Adolfo Pérez Abellás,PSdeG-PSOE,Madrid elections (candidacies)
288,3,1,Francisco José Contreras Peláez,Vox,Madrid elections (candidates congratulations)
289,916,313,José Luis Ábalos Meco,PSOE,National politics
290,145,100,Jaime Eduardo de Olano Vela,PP,Tax increase plan for the European Union
291,1037,239,Víctor Manuel Sánchez del Real,Vox,Climate change and future
292,801,291,Ana Belén Vázquez Blanco,PP,Madrid elections (candidates congratulations)
293,6,3,Inés María Cañizares Pacheco,Vox,Climate change and future
294,428,226,Víctor Manuel Sánchez del Real,Vox,Threats to left-wing politicians (bullet on card)
295,11,7,María Carvalho Dantas,ERC-S,Garbage Topic
296,37,20,Juan Luis Steegmann Olmedillas,Vox,Garbage Topic
297,128,83,Juan Cuatrecasas Asua,PSOE,National Covid Crisis
298,24,13,Jaime Eduardo de Olano Vela,PP,Madrid elections (candidates congratulations)
299,18,3,Sofía Fernández Castañón,Unidas Podemos,Garbage Topic
300,5031,1323,Beatriz Álvarez Fanjul,PP,National Covid Crisis
301,1660,670,Jon Iñarritu García,EH Bildu,Madrid elections (candidacies)
302,1749,397,Edmundo Bal Francés,Ciudadanos,I Congress on Childhood and Adolescence
303,21,8,Eduardo Carazo Hermoso,PP,Social values related to families
304,363,61,Meritxell Batet Lamaña,PSC,Society's values and rights
305,64,22,María de los Reyes Romero Vilches,Vox,Political opinion
306,7,1,Víctor Valentín Píriz Maya,PP,Tax increase plan for the European Union
307,87,31,Juan Antonio López de Uralde Garmendia,Unidas Podemos,Garbage Topic
308,464,187,Ione Belarra Urteaga,Unidas Podemos,Society's values and rights
309,58,24,Meritxell Batet Lamaña,PSC,Garbage Topic
310,18,6,Víctor Valentín Píriz Maya,PP,Hatred and threats to the welfare state
311,3,0,Pilar Cancela Rodríguez,PSdeG-PSOE,National Covid Crisis
312,74,30,Francisco José Contreras Peláez,Vox,Madrid elections (candidacies)
313,5,3,Antonia Jover Díaz,Unidas Podemos,I Congress on Childhood and Adolescence
314,640,98,Víctor Manuel Sánchez del Real,Vox,Threats to left-wing politicians (bullet on card)
315,23,2,Omar Anguita Pérez,PSOE,Garbage Topic
316,0,0,María Carmen Martínez Granados,Ciudadanos,Tax increase plan for the European Union
317,113,38,Francisco José Alcaraz Martos,Vox,Working class defense
318,12,6,Marisa Saavedra Muñoz,Unidas Podemos,Garbage Topic
319,26,8,Víctor Valentín Píriz Maya,PP,Evolution of the vaccination plan and pandemic situation
320,151,78,Ana Belén Vázquez Blanco,PP,Climate change and future
321,534,244,Juan José Aizcorbe Torra,Vox,Hatred and threats to the welfare state
322,4194,914,Yolanda Díaz Pérez,En Común,Madrid elections (candidacies)
323,1,0,Odón Elorza González,PSE-EE-PSOE,Political opinion
324,374,154,Francisco José Contreras Peláez,Vox,Social values related to families
325,129,46,Alberto Garzón Espinosa,Unidas Podemos,Political opinion
326,10,5,Ana Prieto Nieto,PSdeG-PSOE,I Congress on Childhood and Adolescence
327,131,25,Concepción Gamarra Ruiz-Clavijo,PP,I Congress on Childhood and Adolescence
328,8,5,María Guijarro Ceballos,PSE-EE-PSOE,Political opinion
329,10,6,Rubén Silvano Manso Olivar,Vox,Tax increase plan for the European Union
330,1156,287,Odón Elorza González,PSE-EE-PSOE,Tax increase plan for the European Union
331,3,3,Marisol Sánchez Jódar,PSOE,National Covid Crisis
332,103,42,Francisco José Alcaraz Martos,Vox,Climate change and future
333,106,41,Rafael Simancas Simancas,PSOE,Tax increase plan for the European Union
334,50,51,María Luz Martínez Seijo,PSOE,Hatred and threats to the welfare state
335,23,7,Juan Antonio López de Uralde Garmendia,Unidas Podemos,National Covid Crisis
336,439,134,María Jesús Montero Cuadrado,PSOE,Hatred and threats to the welfare state
337,24,23,Pedro Casares Hontañón,PSOE,Madrid elections (candidacies)
338,1,1,Roberto Uriarte Torrealday,Unidas Podemos,National politics
339,50,18,Manuel Mestre Barea,Vox,Tax increase plan for the European Union
340,30,12,Agustín Almodóbar Barceló,PP,Evolution of the vaccination plan and pandemic situation
341,93,28,Víctor Manuel Sánchez del Real,Vox,National politics
342,33,12,Eduardo Carazo Hermoso,PP,Working class defense
343,256,112,Javier Sánchez Serna,Unidas Podemos,I Congress on Childhood and Adolescence
344,1205,543,Concepción Gamarra Ruiz-Clavijo,PP,Tax increase plan for the European Union
345,174,53,Víctor Manuel Sánchez del Real,Vox,National politics
346,579,153,Mireia Borrás Pabón,Vox,Working class defense
347,109,46,Sara Giménez Giménez,Ciudadanos,Tax increase plan for the European Union
348,8,2,Odón Elorza González,PSE-EE-PSOE,Political opinion
349,6,1,Ana María Zurita Expósito,PP,Working class defense
350,4,0,Víctor Manuel Sánchez del Real,Vox,Working class defense
351,72,46,Juan Antonio López de Uralde Garmendia,Unidas Podemos,Madrid elections (candidacies)
352,18,7,María Gloria Elizo Serrano,Unidas Podemos,National politics
353,20,6,Francisco José Alcaraz Martos,Vox,I Congress on Childhood and Adolescence
354,80,36,Juan Luis Steegmann Olmedillas,Vox,Working class defense
355,1,0,Pilar Cancela Rodríguez,PSdeG-PSOE,Political opinion
356,168,96,Francisco José Contreras Peláez,Vox,National Covid Crisis
357,12,3,Rafael José Vélez,PSOE,Madrid elections (candidacies)
358,24,10,Andrea Fernández Benéitez,PSOE,Madrid elections (candidates congratulations)
359,1,0,Víctor Valentín Píriz Maya,PP,National politics
360,19,10,Francisco José Contreras Peláez,Vox,Hatred and threats to the welfare state
361,144,47,Sofía Fernández Castañón,Unidas Podemos,Society's values and rights
362,7,3,Marisol Sánchez Jódar,PSOE,National Covid Crisis
363,1810,762,Noelia Vera Ruíz-Herrera,Unidas Podemos,I Congress on Childhood and Adolescence
364,1686,494,Agustín Rosety Fernández de Castro,Vox,Madrid elections (candidacies)
365,24,5,Marta Martín Llaguno,Ciudadanos,Hatred and threats to the welfare state
366,1,1,Juan Francisco Serrano Martínez,PSOE,Garbage Topic
367,2901,1737,Jon Iñarritu García,EH Bildu,I Congress on Childhood and Adolescence
368,1276,411,Santiago Abascal Conde,Vox,Social values related to families
369,233,98,Ione Belarra Urteaga,Unidas Podemos,Evolution of the vaccination plan and pandemic situation
370,81,17,Víctor Manuel Sánchez del Real,Vox,Tax increase plan for the European Union
371,22,2,Joan Baldoví Roda,Més Compromís,Working class defense
372,2638,867,Carla Toscano de Balbín,Vox,Madrid elections (candidates congratulations)
373,6,1,Juan Cuatrecasas Asua,PSOE,Hatred and threats to the welfare state
374,54,25,Ana María Pastor Julián,PP,Madrid elections (candidacies)
375,10,2,Macarena Olona Choclán,Vox,National Covid Crisis
376,2,1,María Ángeles Marra Domínguez,PSdeG-PSOE,Hatred and threats to the welfare state
377,76,37,Luis Gestoso de Miguel,Vox,Social values related to families
378,570,259,Pablo Casado Blanco,PP,Climate change and future
379,211,84,Sara Giménez Giménez,Ciudadanos,Garbage Topic
380,1,1,Pablo Juan Calvo Liste,Vox,National politics
381,95,43,Pablo Montesinos Aguayo,PP,Political opinion
382,2139,719,Ana Belén Vázquez Blanco,PP,Evolution of the vaccination plan and pandemic situation
383,13,5,Odón Elorza González,PSE-EE-PSOE,Threats to left-wing politicians (bullet on card)
384,6,6,María Jesús Moro Almaraz,PP,National Covid Crisis
385,795,296,Íñigo Errejón Galván,Más País-Equo,Threats to left-wing politicians (bullet on card)
386,17,5,Antonio González Terol,PP,Garbage Topic
387,21,12,Pedro Casares Hontañón,PSOE,Threats to left-wing politicians (bullet on card)
388,8,8,Agustín Almodóbar Barceló,PP,Threats to left-wing politicians (bullet on card)
389,1,1,Agustín Rosety Fernández de Castro,Vox,Evolution of the vaccination plan and pandemic situation
390,497,184,Francisco José Contreras Peláez,Vox,National Covid Crisis
391,1222,456,Francisco Javier Ortega Smith-Molina,Vox,National politics
392,54,12,Ana María Zurita Expósito,PP,Threats to left-wing politicians (bullet on card)
393,3,2,Ricardo Chamorro Delmo,Vox,National politics
394,3392,909,Jon Iñarritu García,EH Bildu,National Covid Crisis
395,1,0,Esther Padilla Ruiz,PSOE,National Covid Crisis
396,8,5,Francisco Aranda Vargas,PSC,National Covid Crisis
397,16,5,Francisco José Contreras Peláez,Vox,Madrid elections (candidates congratulations)
398,28,6,Jon Iñarritu García,EH Bildu,Society's values and rights
399,300,81,Francisco José Alcaraz Martos,Vox,Tax increase plan for the European Union
400,718,183,Ione Belarra Urteaga,Unidas Podemos,Hatred and threats to the welfare state
401,50,8,Macarena Olona Choclán,Vox,I Congress on Childhood and Adolescence
402,874,356,Sofía Fernández Castañón,Unidas Podemos,Social values related to families
403,1,2,Agustín Almodóbar Barceló,PP,Evolution of the vaccination plan and pandemic situation
404,185,83,José Luis Ábalos Meco,PSOE,Society's values and rights
405,28,11,Margarita Prohens Rigo,PP,Climate change and future
406,10,6,María Soledad Cruz-Guzmán García,PP,Threats to left-wing politicians (bullet on card)
407,35,15,Carlos José Zambrano García-Raez,Vox,National politics
408,63,18,Sofía Fernández Castañón,Unidas Podemos,I Congress on Childhood and Adolescence
409,10,3,Diego Movellán Lombilla,PP,Madrid elections (candidacies)
410,19,4,María Jesús Moro Almaraz,PP,Madrid elections (candidacies)
411,5,7,Ignacio López Cano,PSOE,Madrid elections (candidacies)
412,0,2,Pilar Marcos Domínguez,PP,Madrid elections (candidacies)
413,12,9,María Carmen Martínez Granados,Ciudadanos,Garbage Topic
414,218,73,Agustín Rosety Fernández de Castro,Vox,Tax increase plan for the European Union
415,18,3,Jaume Asens Llodrà,En Comú Podem,Tax increase plan for the European Union
416,86,23,Francisco José Contreras Peláez,Vox,Society's values and rights
417,1,1,Pilar Marcos Domínguez,PP,Threats to left-wing politicians (bullet on card)
418,11,1,José Ortiz Galván,PP,Madrid elections (candidacies)
419,82,29,Néstor Rego Candamil,BNG,Political opinion
420,267,72,Carla Toscano de Balbín,Vox,Madrid elections (candidacies)
421,485,178,José Luis Ábalos Meco,PSOE,Society's values and rights
422,1,1,Martina Velarde Gómez,Unidas Podemos,National Covid Crisis
423,89,57,Martina Velarde Gómez,Unidas Podemos,Garbage Topic
424,1,0,Joaquín Robles López,Vox,Tax increase plan for the European Union
425,55,22,Meritxell Batet Lamaña,PSC,Tax increase plan for the European Union
426,2,0,Juan Francisco Serrano Martínez,PSOE,Garbage Topic
427,19,10,Esther Peña Camarero,PSOE,Society's values and rights
428,43,11,María Magdalena Nevado del Campo,Vox,Threats to left-wing politicians (bullet on card)
429,6,5,María Jesús Moro Almaraz,PP,National politics
430,0,0,Pau Mari Klose,PSOE,Threats to left-wing politicians (bullet on card)
431,401,86,Íñigo Errejón Galván,Más País-Equo,Threats to left-wing politicians (bullet on card)
432,155,60,Francisco José Alcaraz Martos,Vox,Climate change and future
433,56,19,Víctor Valentín Píriz Maya,PP,I Congress on Childhood and Adolescence
434,41,23,María Carvalho Dantas,ERC-S,Society's values and rights
435,45,22,Juan Antonio López de Uralde Garmendia,Unidas Podemos,I Congress on Childhood and Adolescence
436,32,16,Sonia Guerra López,PSC,National politics
437,73,31,Omar Anguita Pérez,PSOE,Society's values and rights
438,14,2,Rafaela Crespín Rubio,PSOE,Threats to left-wing politicians (bullet on card)
439,4,3,Fuensanta Lima Cid,PSOE,Madrid elections (candidacies)
440,2451,957,Víctor Manuel Sánchez del Real,Vox,Political opinion
441,19,8,Carmen Calvo Poyato,PSOE,Evolution of the vaccination plan and pandemic situation
442,133,75,Sofía Fernández Castañón,Unidas Podemos,Hatred and threats to the welfare state
443,17,15,Ana María Zurita Expósito,PP,Society's values and rights
444,13,5,Georgina Trías Gil,Vox,National politics
445,26,20,Pedro Casares Hontañón,PSOE,Hatred and threats to the welfare state
446,35,8,Marta Martín Llaguno,Ciudadanos,Madrid elections (candidates congratulations)
447,305,49,Víctor Manuel Sánchez del Real,Vox,Madrid elections (candidacies)
448,5,2,Pilar Marcos Domínguez,PP,Working class defense
449,38,2,Íñigo Errejón Galván,Más País-Equo,Madrid elections (candidacies)
450,3810,1157,Luis Gestoso de Miguel,Vox,Political opinion
451,0,0,Adolfo Pérez Abellás,PSdeG-PSOE,National Covid Crisis
452,3,1,María Carvalho Dantas,ERC-S,I Congress on Childhood and Adolescence
453,16,3,Manuel Mestre Barea,Vox,Social values related to families
454,81,45,Sandra Guaita Esteruelas,PSC,Tax increase plan for the European Union
455,202,42,Agustín Rosety Fernández de Castro,Vox,Working class defense
456,7,4,María Jesús Moro Almaraz,PP,Tax increase plan for the European Union
457,41,11,Emilio Jesús Del Valle Rodríguez,Vox,Working class defense
458,1,2,Rafael José Vélez,PSOE,National politics
459,3640,807,Irene María Montero Gil,Unidas Podemos,Hatred and threats to the welfare state
460,241,92,Edmundo Bal Francés,Ciudadanos,National politics
461,10,2,Ricardo Chamorro Delmo,Vox,Working class defense
462,25,6,María Teresa Jiménez-Becerril Barrio,PP,I Congress on Childhood and Adolescence
463,351,60,Víctor Manuel Sánchez del Real,Vox,National Covid Crisis
464,58,29,Pilar Cancela Rodríguez,PSdeG-PSOE,Threats to left-wing politicians (bullet on card)
465,674,216,Gerardo Pisarello Prados,En Comú Podem,Society's values and rights
466,3850,231,Íñigo Errejón Galván,Más País-Equo,National Covid Crisis
467,113,56,Juan Antonio López de Uralde Garmendia,Unidas Podemos,Madrid elections (candidates congratulations)
468,111,53,Ana Belén Vázquez Blanco,PP,Climate change and future
469,33,19,Francisco José Contreras Peláez,Vox,Hatred and threats to the welfare state
470,227,62,Inés Arrimadas García,Ciudadanos,I Congress on Childhood and Adolescence
471,45,26,Francisco José Alcaraz Martos,Vox,Madrid elections (candidacies)
472,91,43,Joaquín Robles López,Vox,Madrid elections (candidacies)
473,2192,814,Jon Iñarritu García,EH Bildu,National politics
474,3,2,Juan Francisco Serrano Martínez,PSOE,Madrid elections (candidates congratulations)
475,6517,673,Irene María Montero Gil,Unidas Podemos,Political opinion
476,53,22,Martina Velarde Gómez,Unidas Podemos,Society's values and rights
477,0,0,María Magdalena Nevado del Campo,Vox,National politics
478,317,119,Carmen Calvo Poyato,PSOE,National politics
479,16,2,Guillermo Antonio Meijón Couselo,PSdeG-PSOE,Working class defense
480,9,3,José Luis Aceves Galindo,PSOE,Hatred and threats to the welfare state
481,370,87,Yolanda Díaz Pérez,En Común,Garbage Topic
482,9,10,Rosa María Romero Sánchez,PP,I Congress on Childhood and Adolescence
483,299,94,Ione Belarra Urteaga,Unidas Podemos,National politics
484,51,28,Oskar Matute García de Jalón,EH Bildu,Madrid elections (candidates congratulations)
485,3618,549,Inés Arrimadas García,Ciudadanos,Social values related to families
486,6,0,María Mercè Perea i Conillas,PSC,Evolution of the vaccination plan and pandemic situation
487,2,1,Pau Mari Klose,PSOE,Society's values and rights
488,175,70,Agustín Rosety Fernández de Castro,Vox,Threats to left-wing politicians (bullet on card)
489,424,239,Omar Anguita Pérez,PSOE,I Congress on Childhood and Adolescence
490,564,246,Carla Toscano de Balbín,Vox,Climate change and future
491,168,70,Ana María Beltrán Villalba,PP,Climate change and future
492,20,2,Joaquín Robles López,Vox,I Congress on Childhood and Adolescence
493,3,0,Eduardo Carazo Hermoso,PP,Society's values and rights
494,456,151,Irene María Montero Gil,Unidas Podemos,I Congress on Childhood and Adolescence
495,7,2,María Mercè Perea i Conillas,PSC,Climate change and future
496,1366,514,Pedro Sánchez Pérez-Castejón,PSOE,National Covid Crisis
497,282,65,Alberto Garzón Espinosa,Unidas Podemos,National politics
498,11,7,Víctor Valentín Píriz Maya,PP,I Congress on Childhood and Adolescence
499,2479,786,Santiago Abascal Conde,Vox,National politics
500,3,2,Agustín Almodóbar Barceló,PP,Political opinion
501,157,40,Víctor Manuel Sánchez del Real,Vox,Tax increase plan for the European Union
502,16,6,María Teresa Jiménez-Becerril Barrio,PP,Tax increase plan for the European Union
503,128,42,Juan Antonio López de Uralde Garmendia,Unidas Podemos,Society's values and rights
504,2,2,Antonia Jover Díaz,Unidas Podemos,Madrid elections (candidacies)
505,20,16,Martina Velarde Gómez,Unidas Podemos,Evolution of the vaccination plan and pandemic situation
506,75,17,Pau Mari Klose,PSOE,National Covid Crisis
507,21683,5240,Macarena Olona Choclán,Vox,Working class defense
508,19,14,Rosa María Romero Sánchez,PP,Madrid elections (candidacies)
509,48,22,Roberto Uriarte Torrealday,Unidas Podemos,Climate change and future
510,1048,335,Daniel Vicente Viondi,PSOE,National politics
511,289,97,Pablo Casado Blanco,PP,Social values related to families
512,157,78,Daniel Vicente Viondi,PSOE,Madrid elections (candidacies)
513,133,62,Pilar Cancela Rodríguez,PSdeG-PSOE,Climate change and future
514,45,48,Antonio Gómez-Reino Varela,En Común,Society's values and rights
515,0,0,Odón Elorza González,PSE-EE-PSOE,National politics
516,118,24,Víctor Manuel Sánchez del Real,Vox,I Congress on Childhood and Adolescence
517,1,0,Marta Martín Llaguno,Ciudadanos,National politics
518,24,10,Mertxe Aizpurua Arzallus,EH Bildu,Madrid elections (candidacies)
519,148,54,Juan José Aizcorbe Torra,Vox,I Congress on Childhood and Adolescence
520,324,147,Emilio Jesús Del Valle Rodríguez,Vox,Political opinion
521,9,5,Rosa María Romero Sánchez,PP,Political opinion
522,104,33,Ricardo Chamorro Delmo,Vox,Evolution of the vaccination plan and pandemic situation
523,21,3,Marta Martín Llaguno,Ciudadanos,Threats to left-wing politicians (bullet on card)
524,1,2,Francisco José Contreras Peláez,Vox,Evolution of the vaccination plan and pandemic situation
525,0,1,María Carvalho Dantas,ERC-S,Evolution of the vaccination plan and pandemic situation
526,9,0,Víctor Valentín Píriz Maya,PP,Political opinion
527,153,85,Ana Belén Vázquez Blanco,PP,Society's values and rights
528,66,48,Héctor Gómez Hernández,PSOE,Madrid elections (candidacies)
529,63,28,Rafael Simancas Simancas,PSOE,I Congress on Childhood and Adolescence
530,31,15,Víctor Manuel Sánchez del Real,Vox,Evolution of the vaccination plan and pandemic situation
531,9,1,Miguel Ángel Castellón Rubio,PP,Madrid elections (candidates congratulations)
532,4184,1022,Iván Espinosa de los Monteros de Simón,Vox,Hatred and threats to the welfare state
533,342,167,Javier Sánchez Serna,Unidas Podemos,Hatred and threats to the welfare state
534,398,170,Víctor Manuel Sánchez del Real,Vox,National politics
535,92,58,Ricardo Chamorro Delmo,Vox,Hatred and threats to the welfare state
536,1825,388,Yolanda Díaz Pérez,En Común,Hatred and threats to the welfare state
537,20,18,Pedro Navarro López,PP,Climate change and future
538,0,1,Marisol Sánchez Jódar,PSOE,National Covid Crisis
539,36,4,Ana María Oramas González-Moro,CC-PNC-NCa,Tax increase plan for the European Union
540,5,3,Alicia García Rodríguez,PP,Society's values and rights
541,13,1,Francisco José Alcaraz Martos,Vox,Madrid elections (candidates congratulations)
542,438,165,Odón Elorza González,PSE-EE-PSOE,National Covid Crisis
543,9789,1367,Íñigo Errejón Galván,Más País-Equo,I Congress on Childhood and Adolescence
544,1,1,María Guijarro Ceballos,PSE-EE-PSOE,Madrid elections (candidates congratulations)
545,907,357,Oskar Matute García de Jalón,EH Bildu,Political opinion
546,260,130,Carmen Calvo Poyato,PSOE,National politics
547,38,28,Ana María Pastor Julián,PP,Society's values and rights
548,70,29,Emilio Jesús Del Valle Rodríguez,Vox,Garbage Topic
549,45,4,Aitor Esteban Bravo,EAJ-PNV,Madrid elections (candidacies)
550,4,4,María Ángeles Marra Domínguez,PSdeG-PSOE,Evolution of the vaccination plan and pandemic situation
551,3,0,Odón Elorza González,PSE-EE-PSOE,Threats to left-wing politicians (bullet on card)
552,37,22,Jaime Eduardo de Olano Vela,PP,Working class defense
553,15,5,María Teresa Jiménez-Becerril Barrio,PP,Madrid elections (candidates congratulations)
554,1,1,Carmen Riolobos Regadera,PP,Working class defense
555,9,2,Rocío De Meer Méndez,Vox,Threats to left-wing politicians (bullet on card)
556,0,0,Adolfo Pérez Abellás,PSdeG-PSOE,Madrid elections (candidacies)
557,202,152,José Antonio Rodríguez Salas,PSOE,Madrid elections (candidacies)
558,46,19,Juan Antonio López de Uralde Garmendia,Unidas Podemos,I Congress on Childhood and Adolescence
559,208,116,Francisco José Alcaraz Martos,Vox,Evolution of the vaccination plan and pandemic situation
560,3492,665,Iván Espinosa de los Monteros de Simón,Vox,Working class defense
561,2,2,Eva Patricia Bueno Campanario,PSOE,National politics
562,1606,546,Pedro Sánchez Pérez-Castejón,PSOE,Society's values and rights
563,11,5,María Carvalho Dantas,ERC-S,National politics
564,10,6,Joan Josep Nuet Pujals,ERC-S,Climate change and future
565,14,4,Juan Cuatrecasas Asua,PSOE,Society's values and rights
566,16,13,Javier Merino Martínez,PP,Working class defense
567,17,17,Andrés Lorite Lorite,PP,Madrid elections (candidacies)
568,29,14,Francisco José Contreras Peláez,Vox,Madrid elections (candidacies)
569,26,33,Joan Josep Nuet Pujals,ERC-S,Working class defense
570,6,1,Jon Iñarritu García,EH Bildu,Society's values and rights
571,213,94,Víctor Manuel Sánchez del Real,Vox,Tax increase plan for the European Union
572,1054,499,Pablo Casado Blanco,PP,Madrid elections (candidates congratulations)
573,78,23,María de los Reyes Romero Vilches,Vox,Political opinion
574,610,411,Víctor Manuel Sánchez del Real,Vox,Madrid elections (candidacies)
575,104,34,Oskar Matute García de Jalón,EH Bildu,Society's values and rights
576,26,9,Pilar Marcos Domínguez,PP,National Covid Crisis
577,169,87,Ismael Cortés Gómez,En Comú Podem,Climate change and future
578,278,134,Rafael Fernández-Lomana Gutiérrez,Vox,Madrid elections (candidates congratulations)
579,392,147,Pablo Casado Blanco,PP,Madrid elections (candidates congratulations)
580,987,321,Sergio Sayas López,Navarra Suma,I Congress on Childhood and Adolescence
581,523,147,Irene María Montero Gil,Unidas Podemos,Climate change and future
582,1,0,María Magdalena Nevado del Campo,Vox,National politics
583,59,25,Francisco José Contreras Peláez,Vox,Social values related to families
584,85,40,Eduardo Carazo Hermoso,PP,I Congress on Childhood and Adolescence
585,847,287,Ana Belén Vázquez Blanco,PP,Tax increase plan for the European Union
586,35,26,Francisco José Contreras Peláez,Vox,Society's values and rights
587,23,14,María Muñoz Vidal,Ciudadanos,Threats to left-wing politicians (bullet on card)
588,0,1,María Márquez Guerrero,Unidas Podemos,Madrid elections (candidacies)
589,84,31,Francisco José Contreras Peláez,Vox,National politics
590,61,24,Eduardo Carazo Hermoso,PP,Tax increase plan for the European Union
591,4,1,Marta Martín Llaguno,Ciudadanos,Tax increase plan for the European Union
592,1491,524,Juan Luis Steegmann Olmedillas,Vox,Threats to left-wing politicians (bullet on card)
593,188,53,Víctor Manuel Sánchez del Real,Vox,Threats to left-wing politicians (bullet on card)
594,23,18,Georgina Trías Gil,Vox,Garbage Topic
595,8,4,Luis Gestoso de Miguel,Vox,Political opinion
596,9,2,Daniel Vicente Viondi,PSOE,National politics
597,47,33,Concepción Gamarra Ruiz-Clavijo,PP,Working class defense
598,92,37,Pilar Marcos Domínguez,PP,National Covid Crisis
599,8,1,Valentín García Gómez,PSOE,Working class defense
600,1562,355,Víctor Manuel Sánchez del Real,Vox,Climate change and future
601,832,387,Ione Belarra Urteaga,Unidas Podemos,Garbage Topic
602,28,17,Víctor Valentín Píriz Maya,PP,National Covid Crisis
603,243,108,Francisco José Contreras Peláez,Vox,National politics
604,124,90,Juan José Aizcorbe Torra,Vox,Madrid elections (candidacies)
605,260,130,Isabel Franco Carmona,Unidas Podemos,Tax increase plan for the European Union
606,762,440,Jon Iñarritu García,EH Bildu,Working class defense
607,416,81,Íñigo Errejón Galván,Más País-Equo,I Congress on Childhood and Adolescence
608,3,1,Antidio Fagúndez Campo,PSOE,Garbage Topic
609,3,0,Odón Elorza González,PSE-EE-PSOE,Evolution of the vaccination plan and pandemic situation
610,49,12,José Ángel Alonso Pérez,PP,Political opinion
611,0,0,Joaquín Robles López,Vox,Garbage Topic
612,111,59,Sonia Guerra López,PSC,Tax increase plan for the European Union
613,44,20,Francisco José Alcaraz Martos,Vox,Garbage Topic
614,67,20,Francisco José Contreras Peláez,Vox,Madrid elections (candidacies)
615,33,27,Susana Sumelzo Jordán,PSOE,Madrid elections (candidates congratulations)
616,20,18,Isabel Franco Carmona,Unidas Podemos,Threats to left-wing politicians (bullet on card)
617,17,3,Carlos Rojas García,PP,I Congress on Childhood and Adolescence
618,67,34,Javier Merino Martínez,PP,Madrid elections (candidacies)
619,481,189,Oskar Matute García de Jalón,EH Bildu,Threats to left-wing politicians (bullet on card)
620,5,1,Valentín García Gómez,PSOE,Tax increase plan for the European Union
621,2879,1417,Francisco José Alcaraz Martos,Vox,Political opinion
622,8471,3278,Macarena Olona Choclán,Vox,National politics
623,76,64,José Antonio Rodríguez Salas,PSOE,Threats to left-wing politicians (bullet on card)
624,0,0,Pau Mari Klose,PSOE,Hatred and threats to the welfare state
625,996,360,Pablo Casado Blanco,PP,Climate change and future
626,272,102,José Ramírez del Río,Vox,Social values related to families
627,649,289,Ione Belarra Urteaga,Unidas Podemos,Social values related to families
628,7,1,Marta Martín Llaguno,Ciudadanos,Working class defense
629,21,12,María Carvalho Dantas,ERC-S,Madrid elections (candidacies)
630,475,199,Daniel Vicente Viondi,PSOE,Evolution of the vaccination plan and pandemic situation
631,42,16,Ana María Pastor Julián,PP,Madrid elections (candidacies)
632,335,109,Francisco José Alcaraz Martos,Vox,Madrid elections (candidacies)
633,150,86,Pablo Montesinos Aguayo,PP,Society's values and rights
634,29,9,José Ramírez del Río,Vox,Madrid elections (candidacies)
635,8,6,María Carvalho Dantas,ERC-S,Madrid elections (candidates congratulations)
636,0,1,Francisco José Contreras Peláez,Vox,Evolution of the vaccination plan and pandemic situation
637,11,11,Fuensanta Lima Cid,PSOE,Madrid elections (candidates congratulations)
638,72,32,Sara Giménez Giménez,Ciudadanos,Garbage Topic
639,943,268,Carmen Calvo Poyato,PSOE,I Congress on Childhood and Adolescence
640,161,52,María Teresa Jiménez-Becerril Barrio,PP,I Congress on Childhood and Adolescence
641,3,3,Agustín Almodóbar Barceló,PP,Working class defense
642,275,53,Víctor Manuel Sánchez del Real,Vox,Hatred and threats to the welfare state
643,9,4,Víctor Valentín Píriz Maya,PP,Threats to left-wing politicians (bullet on card)
644,20,6,Macarena Olona Choclán,Vox,Hatred and threats to the welfare state
645,5,4,José Luis Aceves Galindo,PSOE,National politics
646,29,14,Oskar Matute García de Jalón,EH Bildu,I Congress on Childhood and Adolescence
647,8,0,Pilar Cancela Rodríguez,PSdeG-PSOE,Society's values and rights
648,8,3,Joan Mena Arca,En Comú Podem,Tax increase plan for the European Union
649,21,9,Vicente Tirado Ochoa,PP,Climate change and future
650,35,11,Ricardo Chamorro Delmo,Vox,Society's values and rights
651,1665,438,Pablo Casado Blanco,PP,National Covid Crisis
652,2,1,Rafael José Vélez,PSOE,Threats to left-wing politicians (bullet on card)
653,17,8,Lídia Guinart Moreno,PSC,Madrid elections (candidates congratulations)
654,0,0,Adolfo Pérez Abellás,PSdeG-PSOE,Working class defense
655,49,30,María Luz Martínez Seijo,PSOE,I Congress on Childhood and Adolescence
656,64,9,Víctor Manuel Sánchez del Real,Vox,Tax increase plan for the European Union
657,412,211,Rafael Mayoral Perales,Unidas Podemos,Climate change and future
658,47,30,Pedro Casares Hontañón,PSOE,Threats to left-wing politicians (bullet on card)
659,3,0,Javier Merino Martínez,PP,I Congress on Childhood and Adolescence
660,23,16,Ana María Pastor Julián,PP,Garbage Topic
661,800,442,Alberto Rodríguez Rodríguez,Unidas Podemos,National Covid Crisis
662,0,0,Joaquín Robles López,Vox,Working class defense
663,698,252,Iván Espinosa de los Monteros de Simón,Vox,Madrid elections (candidates congratulations)
664,1,1,Francisco José Contreras Peláez,Vox,National politics
665,1127,505,Edmundo Bal Francés,Ciudadanos,Social values related to families
666,19,19,Lídia Guinart Moreno,PSC,Working class defense
667,32,14,Manuel Mestre Barea,Vox,National politics
668,22,10,María Magdalena Nevado del Campo,Vox,Threats to left-wing politicians (bullet on card)
669,18,11,Pilar Marcos Domínguez,PP,Madrid elections (candidates congratulations)
670,390,217,Jaume Asens Llodrà,En Comú Podem,Madrid elections (candidacies)
671,7,0,José Ortiz Galván,PP,Evolution of the vaccination plan and pandemic situation
672,101,25,Arnau Ramírez Carner,PSC,Threats to left-wing politicians (bullet on card)
673,4,2,Marta Martín Llaguno,Ciudadanos,Threats to left-wing politicians (bullet on card)
674,32,16,Pedro Casares Hontañón,PSOE,Society's values and rights
675,10,4,Belén Hoyo Juliá,PP,Evolution of the vaccination plan and pandemic situation
676,702,432,Rafael Mayoral Perales,Unidas Podemos,Tax increase plan for the European Union
677,75,61,Paloma Gázquez Collado,PP-FORO,Madrid elections (candidates congratulations)
678,121,99,Paloma Gázquez Collado,PP-FORO,Climate change and future
679,17,4,Pablo Iglesias Turrión,Unidas Podemos,Madrid elections (candidates congratulations)
680,47,13,Roberto Uriarte Torrealday,Unidas Podemos,Social values related to families
681,140,56,Edmundo Bal Francés,Ciudadanos,Garbage Topic
682,3579,1339,Yolanda Díaz Pérez,En Común,Garbage Topic
683,1045,303,Sofía Fernández Castañón,Unidas Podemos,I Congress on Childhood and Adolescence
684,1080,287,Inés Arrimadas García,Ciudadanos,National Covid Crisis
685,1070,358,Inés Arrimadas García,Ciudadanos,Madrid elections (candidates congratulations)
686,2268,817,Santiago Abascal Conde,Vox,Threats to left-wing politicians (bullet on card)
687,121,65,Alfonso Rodríguez Gómez de Celis,PSOE,I Congress on Childhood and Adolescence
688,17,9,Alfonso Rodríguez Gómez de Celis,PSOE,Society's values and rights
689,313,159,Teodoro García Egea,PP,Society's values and rights
690,191,64,José Ramírez del Río,Vox,Society's values and rights
691,2,2,Fuensanta Lima Cid,PSOE,Working class defense
692,39,9,Alicia García Rodríguez,PP,I Congress on Childhood and Adolescence
693,350,120,Pablo Montesinos Aguayo,PP,Tax increase plan for the European Union
694,21,10,María Guijarro Ceballos,PSE-EE-PSOE,Society's values and rights
695,12,5,Pilar Cancela Rodríguez,PSdeG-PSOE,I Congress on Childhood and Adolescence
696,5724,2283,Francisco Javier Ortega Smith-Molina,Vox,Political opinion
697,19,11,Juan Luis Steegmann Olmedillas,Vox,Hatred and threats to the welfare state
698,15,2,Isabel María Borrego Cortés,PP,Evolution of the vaccination plan and pandemic situation
699,11261,4337,Alberto Garzón Espinosa,Unidas Podemos,Working class defense
700,90,49,Víctor González Coello de Portugal,Vox,National Covid Crisis
701,108,54,Edurne Uriarte Bengoechea,PP,I Congress on Childhood and Adolescence
702,18,1,Francisco José Alcaraz Martos,Vox,Evolution of the vaccination plan and pandemic situation
703,263,97,Edurne Uriarte Bengoechea,PP,I Congress on Childhood and Adolescence
704,768,347,Iván Espinosa de los Monteros de Simón,Vox,Social values related to families
705,16,3,Marta Martín Llaguno,Ciudadanos,I Congress on Childhood and Adolescence
706,2,1,Roberto García Morís,PSOE,Working class defense
707,83,34,Francisco José Alcaraz Martos,Vox,Political opinion
708,41,14,Emilio Jesús Del Valle Rodríguez,Vox,Evolution of the vaccination plan and pandemic situation
709,57,11,Víctor Manuel Sánchez del Real,Vox,Threats to left-wing politicians (bullet on card)
710,308,178,Ana Belén Vázquez Blanco,PP,I Congress on Childhood and Adolescence
711,8,3,Esther Padilla Ruiz,PSOE,Garbage Topic
712,38,4,Víctor Valentín Píriz Maya,PP,Society's values and rights
713,40,12,María Gloria Elizo Serrano,Unidas Podemos,Garbage Topic
714,37,10,Marta Martín Llaguno,Ciudadanos,National politics
715,35,14,Javier Merino Martínez,PP,I Congress on Childhood and Adolescence
716,9,8,María Luz Martínez Seijo,PSOE,Madrid elections (candidates congratulations)
717,3,1,Roberto García Morís,PSOE,Tax increase plan for the European Union
718,56,12,Javier Alfonso Cendón,PSOE,Garbage Topic
719,452,176,Agustín Rosety Fernández de Castro,Vox,Tax increase plan for the European Union
720,146,58,Carla Toscano de Balbín,Vox,Madrid elections (candidacies)
721,11,6,Carmen Riolobos Regadera,PP,Hatred and threats to the welfare state
722,77,40,Sara Giménez Giménez,Ciudadanos,Madrid elections (candidacies)
723,3135,1255,Macarena Olona Choclán,Vox,I Congress on Childhood and Adolescence
724,370,85,Isabel Franco Carmona,Unidas Podemos,Social values related to families
725,1,1,Carmen Navarro Lacoba,PP,Garbage Topic
726,657,296,Patxi López Álvarez,PSE-EE-PSOE,Tax increase plan for the European Union
727,428,241,Juan Antonio López de Uralde Garmendia,Unidas Podemos,Tax increase plan for the European Union
728,40,24,María Carmen Martínez Granados,Ciudadanos,Garbage Topic
729,13,1,Marta Martín Llaguno,Ciudadanos,I Congress on Childhood and Adolescence
730,373,168,Rafael Mayoral Perales,Unidas Podemos,Tax increase plan for the European Union
731,44,21,Pau Mari Klose,PSOE,National Covid Crisis
732,35,19,María Muñoz Vidal,Ciudadanos,Working class defense
733,65,49,Juan Cuatrecasas Asua,PSOE,Madrid elections (candidacies)
734,5297,1079,Gabriel Rufián Romero,ERC-S,Society's values and rights
735,63,21,Rosa María Romero Sánchez,PP,Threats to left-wing politicians (bullet on card)
736,178,31,Juan Luis Steegmann Olmedillas,Vox,National politics
737,861,366,Rafael Mayoral Perales,Unidas Podemos,National Covid Crisis
738,88,33,Víctor Manuel Sánchez del Real,Vox,National Covid Crisis
739,55,20,Francisco José Alcaraz Martos,Vox,National politics
740,452,170,Juan José Aizcorbe Torra,Vox,National Covid Crisis
741,3,1,Esther Padilla Ruiz,PSOE,Threats to left-wing politicians (bullet on card)
742,21,8,José Ramírez del Río,Vox,Madrid elections (candidates congratulations)
743,3,3,Carmen Riolobos Regadera,PP,Political opinion
744,58,24,Valentín García Gómez,PSOE,Society's values and rights
745,5,6,Agustín Almodóbar Barceló,PP,Evolution of the vaccination plan and pandemic situation
746,16,12,Rafael José Vélez,PSOE,Threats to left-wing politicians (bullet on card)
747,16,7,José Ortiz Galván,PP,Tax increase plan for the European Union
748,87,44,Juan Antonio López de Uralde Garmendia,Unidas Podemos,National Covid Crisis
749,400,84,Inés Sabanés Nadal,Más País-Equo,I Congress on Childhood and Adolescence
750,106,53,Víctor González Coello de Portugal,Vox,Tax increase plan for the European Union
751,34,9,Martina Velarde Gómez,Unidas Podemos,I Congress on Childhood and Adolescence
752,44,19,María Luz Martínez Seijo,PSOE,National Covid Crisis
753,55,39,Ana María Zurita Expósito,PP,Political opinion
754,26,7,Francisco José Alcaraz Martos,Vox,Madrid elections (candidates congratulations)
755,1362,649,Gerardo Pisarello Prados,En Comú Podem,Social values related to families
756,6,5,Rosa María Romero Sánchez,PP,National Covid Crisis
757,808,352,Ione Belarra Urteaga,Unidas Podemos,Madrid elections (candidacies)
758,133,45,Julio Utrilla Cano,Vox,Threats to left-wing politicians (bullet on card)
759,848,286,Irene María Montero Gil,Unidas Podemos,Madrid elections (candidacies)
760,29,4,María Teresa Jiménez-Becerril Barrio,PP,Political opinion
761,69,49,Luis Gestoso de Miguel,Vox,I Congress on Childhood and Adolescence
762,186,141,Emilio Jesús Del Valle Rodríguez,Vox,Madrid elections (candidates congratulations)
763,30,16,Inés María Cañizares Pacheco,Vox,Political opinion
764,317,96,María Teresa Jiménez-Becerril Barrio,PP,Hatred and threats to the welfare state
765,15,9,María Guijarro Ceballos,PSE-EE-PSOE,Political opinion
766,11,5,José Ángel Alonso Pérez,PP,Society's values and rights
767,1015,395,Pablo Casado Blanco,PP,Political opinion
768,346,143,Odón Elorza González,PSE-EE-PSOE,Madrid elections (candidates congratulations)
769,15,6,Francisco José Contreras Peláez,Vox,Society's values and rights
770,159,83,Patricia Rueda Perelló,Vox,Madrid elections (candidacies)
771,2,1,María Márquez Guerrero,Unidas Podemos,Evolution of the vaccination plan and pandemic situation
772,273,184,José Antonio Rodríguez Salas,PSOE,Evolution of the vaccination plan and pandemic situation
773,24,12,Rosa María Romero Sánchez,PP,Social values related to families
774,211,22,Víctor Manuel Sánchez del Real,Vox,Society's values and rights
775,26,21,José Luis Aceves Galindo,PSOE,National politics
776,111,50,Antonio Gómez-Reino Varela,En Común,Climate change and future
777,693,105,Víctor Manuel Sánchez del Real,Vox,Tax increase plan for the European Union
778,1306,439,Irene María Montero Gil,Unidas Podemos,National politics
779,6,3,José Ramírez del Río,Vox,Working class defense
780,2,1,Martina Velarde Gómez,Unidas Podemos,National politics
781,453,180,Carmen Calvo Poyato,PSOE,National Covid Crisis
782,166,61,Pilar Cancela Rodríguez,PSdeG-PSOE,Political opinion
783,2727,1053,Iván Espinosa de los Monteros de Simón,Vox,I Congress on Childhood and Adolescence
784,0,1,Emilio Jesús Del Valle Rodríguez,Vox,National Covid Crisis
785,116,25,Macarena Olona Choclán,Vox,National Covid Crisis
786,135,30,Irene María Montero Gil,Unidas Podemos,Madrid elections (candidacies)
787,2873,900,Juan Luis Steegmann Olmedillas,Vox,Political opinion
788,1007,339,Francisco Javier Ortega Smith-Molina,Vox,Social values related to families
789,63,4,José Ortiz Galván,PP,Political opinion
790,3,5,María Mercè Perea i Conillas,PSC,Madrid elections (candidates congratulations)
791,12,1,Ana María Oramas González-Moro,CC-PNC-NCa,Society's values and rights
792,260,74,Francisco José Alcaraz Martos,Vox,National politics
793,1752,719,Francisco Javier Ortega Smith-Molina,Vox,I Congress on Childhood and Adolescence
794,22,21,Daniel Vicente Viondi,PSOE,I Congress on Childhood and Adolescence
795,636,282,Teodoro García Egea,PP,Garbage Topic
796,10,8,Ana Prieto Nieto,PSdeG-PSOE,I Congress on Childhood and Adolescence
797,219,222,María Gloria Elizo Serrano,Unidas Podemos,Social values related to families
798,4910,818,Irene María Montero Gil,Unidas Podemos,Political opinion
799,852,216,Pablo Casado Blanco,PP,Hatred and threats to the welfare state
800,214,76,Antonio Gómez-Reino Varela,En Común,National Covid Crisis
801,50,29,Pedro Casares Hontañón,PSOE,National Covid Crisis
802,2,2,Joaquín María García Díez,PP,Madrid elections (candidacies)
803,41,9,Víctor Manuel Sánchez del Real,Vox,Threats to left-wing politicians (bullet on card)
804,25,5,Vicente Tirado Ochoa,PP,National politics
805,43,9,Víctor Manuel Sánchez del Real,Vox,Madrid elections (candidacies)
806,9,5,María Carvalho Dantas,ERC-S,Hatred and threats to the welfare state
807,10,7,Emilio Jesús Del Valle Rodríguez,Vox,Working class defense
808,194,122,Odón Elorza González,PSE-EE-PSOE,Society's values and rights
809,106,46,Francisco José Alcaraz Martos,Vox,Society's values and rights
810,343,214,Emilio Jesús Del Valle Rodríguez,Vox,Tax increase plan for the European Union
811,315,113,Emilio Jesús Del Valle Rodríguez,Vox,I Congress on Childhood and Adolescence
812,89,62,María Magdalena Nevado del Campo,Vox,Madrid elections (candidacies)
813,392,103,Francisco Javier Ortega Smith-Molina,Vox,Madrid elections (candidates congratulations)
814,310,139,Patricia Rueda Perelló,Vox,Political opinion
815,47,15,María Teresa Jiménez-Becerril Barrio,PP,I Congress on Childhood and Adolescence
816,150,48,José Ramírez del Río,Vox,Threats to left-wing politicians (bullet on card)
817,2316,725,Francisco Javier Ortega Smith-Molina,Vox,Madrid elections (candidacies)
818,13,7,Belén Hoyo Juliá,PP,Tax increase plan for the European Union
819,195,49,Joan Baldoví Roda,Més Compromís,Garbage Topic
820,238,113,Francisco José Alcaraz Martos,Vox,Hatred and threats to the welfare state
821,479,88,Marisa Saavedra Muñoz,Unidas Podemos,National politics
822,922,376,Ana Belén Vázquez Blanco,PP,I Congress on Childhood and Adolescence
823,3,0,María Magdalena Nevado del Campo,Vox,National Covid Crisis
824,0,0,Odón Elorza González,PSE-EE-PSOE,National Covid Crisis
825,0,0,Joaquín Robles López,Vox,Evolution of the vaccination plan and pandemic situation
826,8,10,Celso Luis Delgado Arce,PP,National Covid Crisis
827,6307,2140,Gabriel Rufián Romero,ERC-S,Society's values and rights
828,20,14,Sara Giménez Giménez,Ciudadanos,Madrid elections (candidates congratulations)
829,288,124,Patricia Rueda Perelló,Vox,Madrid elections (candidacies)
830,654,270,Francisco José Contreras Peláez,Vox,Threats to left-wing politicians (bullet on card)
831,375,125,Juan Luis Steegmann Olmedillas,Vox,Threats to left-wing politicians (bullet on card)
832,22,6,Alicia García Rodríguez,PP,Madrid elections (candidacies)
833,59,4,Macarena Olona Choclán,Vox,Social values related to families
834,10,3,Sandra Guaita Esteruelas,PSC,Tax increase plan for the European Union
835,1904,723,Víctor Manuel Sánchez del Real,Vox,I Congress on Childhood and Adolescence
836,0,1,Francisco José Contreras Peláez,Vox,Social values related to families
837,1732,387,Víctor Manuel Sánchez del Real,Vox,Hatred and threats to the welfare state
838,1268,517,Pedro Sánchez Pérez-Castejón,PSOE,Madrid elections (candidacies)
839,247,112,Antonio Gómez-Reino Varela,En Común,Hatred and threats to the welfare state
840,249,121,Juan Antonio López de Uralde Garmendia,Unidas Podemos,Social values related to families
841,2494,738,Juan Luis Steegmann Olmedillas,Vox,Madrid elections (candidacies)
842,12,7,Eva Patricia Bueno Campanario,PSOE,Threats to left-wing politicians (bullet on card)
843,196,35,Víctor Manuel Sánchez del Real,Vox,I Congress on Childhood and Adolescence
844,164,83,José Luis Ábalos Meco,PSOE,Evolution of the vaccination plan and pandemic situation
845,2674,767,Carla Toscano de Balbín,Vox,I Congress on Childhood and Adolescence
846,7,2,Pedro Antonio Honrubia Hurtado,Unidas Podemos,National Covid Crisis
847,17,2,Rafaela Crespín Rubio,PSOE,Madrid elections (candidacies)
848,71,34,Georgina Trías Gil,Vox,Political opinion
849,449,145,José Ramírez del Río,Vox,Threats to left-wing politicians (bullet on card)
850,52,22,Inés Sabanés Nadal,Más País-Equo,Madrid elections (candidates congratulations)
851,20,4,José Ortiz Galván,PP,Evolution of the vaccination plan and pandemic situation
852,9,1,María Soledad Cruz-Guzmán García,PP,Evolution of the vaccination plan and pandemic situation
853,86,23,Sara Giménez Giménez,Ciudadanos,I Congress on Childhood and Adolescence
854,122,47,Víctor Manuel Sánchez del Real,Vox,Tax increase plan for the European Union
855,2438,1008,Yolanda Díaz Pérez,En Común,Society's values and rights
856,14,5,Georgina Trías Gil,Vox,Threats to left-wing politicians (bullet on card)
857,4,2,Inés María Cañizares Pacheco,Vox,Hatred and threats to the welfare state
858,8,6,María Carvalho Dantas,ERC-S,Tax increase plan for the European Union
859,2,0,Pilar Cancela Rodríguez,PSdeG-PSOE,I Congress on Childhood and Adolescence
860,383,141,Inés Arrimadas García,Ciudadanos,Social values related to families
861,8465,1758,Íñigo Errejón Galván,Más País-Equo,Tax increase plan for the European Union
862,131,35,Víctor Manuel Sánchez del Real,Vox,Evolution of the vaccination plan and pandemic situation
863,548,130,Víctor Manuel Sánchez del Real,Vox,Political opinion
864,38,7,Meritxell Batet Lamaña,PSC,Garbage Topic
865,1057,404,Francisco Javier Ortega Smith-Molina,Vox,Evolution of the vaccination plan and pandemic situation
866,40,36,Jaime Eduardo de Olano Vela,PP,Political opinion
867,9,4,Ana María Zurita Expósito,PP,Threats to left-wing politicians (bullet on card)
868,8,8,Belén Hoyo Juliá,PP,Society's values and rights
869,49,19,José María Espejo-Saavedra Conesa,Ciudadanos,Garbage Topic
870,79,33,Francisco José Contreras Peláez,Vox,National Covid Crisis
871,0,0,Cristina López Zamora,PSOE,Evolution of the vaccination plan and pandemic situation
872,5,2,José Ramírez del Río,Vox,Madrid elections (candidates congratulations)
873,0,0,Joaquín Robles López,Vox,Society's values and rights
874,19,4,Rubén Silvano Manso Olivar,Vox,Madrid elections (candidacies)
875,11,2,Fuensanta Lima Cid,PSOE,Working class defense
876,85,22,Aina Vidal Sáez,En Comú Podem,I Congress on Childhood and Adolescence
877,1069,309,Pedro Sánchez Pérez-Castejón,PSOE,National Covid Crisis
878,144,48,José Ramírez del Río,Vox,Climate change and future
879,203,138,Juan Cuatrecasas Asua,PSOE,Madrid elections (candidacies)
880,19,17,Andrés Lorite Lorite,PP,Evolution of the vaccination plan and pandemic situation
881,249,106,Mertxe Aizpurua Arzallus,EH Bildu,Working class defense
882,3,0,Ana Prieto Nieto,PSdeG-PSOE,Tax increase plan for the European Union
883,49,21,Juan Luis Steegmann Olmedillas,Vox,Madrid elections (candidates congratulations)
884,5281,2576,Santiago Abascal Conde,Vox,National politics
885,1,1,Tomás Cabezón Casas,PP,Madrid elections (candidacies)
886,30,13,Ana María Zurita Expósito,PP,Madrid elections (candidacies)
887,1,1,Francisco José Contreras Peláez,Vox,Threats to left-wing politicians (bullet on card)
888,1222,478,Pedro Sánchez Pérez-Castejón,PSOE,Political opinion
889,42,7,Sofía Fernández Castañón,Unidas Podemos,National Covid Crisis
890,8,0,Gerardo Pisarello Prados,En Comú Podem,Madrid elections (candidacies)
891,38,10,María Teresa Jiménez-Becerril Barrio,PP,Evolution of the vaccination plan and pandemic situation
892,0,0,Juan Antonio López de Uralde Garmendia,Unidas Podemos,National politics
893,1,1,María Ángeles Marra Domínguez,PSdeG-PSOE,National Covid Crisis
894,6,1,Rubén Silvano Manso Olivar,Vox,National politics
895,40,29,Andrés Lorite Lorite,PP,Hatred and threats to the welfare state
896,41,17,Ana María Beltrán Villalba,PP,Hatred and threats to the welfare state
897,0,0,Odón Elorza González,PSE-EE-PSOE,Threats to left-wing politicians (bullet on card)
898,7,0,Víctor Manuel Sánchez del Real,Vox,Evolution of the vaccination plan and pandemic situation
899,81,21,Víctor Manuel Sánchez del Real,Vox,Society's values and rights
900,29,8,Rodrigo Jiménez Revuelta,Vox,Threats to left-wing politicians (bullet on card)
901,1665,432,Magdalena Valerio Cordero,PSOE,Madrid elections (candidacies)
902,6,1,Carlos José Zambrano García-Raez,Vox,Political opinion
903,13,6,José Antonio Rodríguez Salas,PSOE,Threats to left-wing politicians (bullet on card)
904,369,30,Irene María Montero Gil,Unidas Podemos,Threats to left-wing politicians (bullet on card)
905,12,6,Lídia Guinart Moreno,PSC,Society's values and rights
906,102,50,Antonio González Terol,PP,Garbage Topic
907,11,0,Mario Garcés Sanagustín,PP,Tax increase plan for the European Union
908,19,14,Ana María Zurita Expósito,PP,Threats to left-wing politicians (bullet on card)
909,1118,385,Agustín Rosety Fernández de Castro,Vox,Evolution of the vaccination plan and pandemic situation
910,0,1,Miguel Ángel Castellón Rubio,PP,Political opinion
911,968,518,Francisco José Alcaraz Martos,Vox,Threats to left-wing politicians (bullet on card)
912,18,9,Rubén Silvano Manso Olivar,Vox,Working class defense
913,51,17,Juan Cuatrecasas Asua,PSOE,Hatred and threats to the welfare state
914,45,28,Pedro Casares Hontañón,PSOE,National politics
915,293,85,Mertxe Aizpurua Arzallus,EH Bildu,National Covid Crisis
916,23,4,Joan Baldoví Roda,Més Compromís,Hatred and threats to the welfare state
917,763,285,Ana Belén Vázquez Blanco,PP,Tax increase plan for the European Union
918,659,124,Víctor Manuel Sánchez del Real,Vox,Climate change and future
919,24,1,Víctor Valentín Píriz Maya,PP,Society's values and rights
920,3365,635,Iván Espinosa de los Monteros de Simón,Vox,Hatred and threats to the welfare state
921,67,22,Magdalena Valerio Cordero,PSOE,Madrid elections (candidates congratulations)
922,1510,577,Francisco Javier Ortega Smith-Molina,Vox,National Covid Crisis
923,65,25,Víctor Manuel Sánchez del Real,Vox,Society's values and rights
924,999,789,Beatriz Micaela Carrillo de los Reyes,PSOE,National politics
925,164,53,Inés Sabanés Nadal,Más País-Equo,Social values related to families
926,4,2,Odón Elorza González,PSE-EE-PSOE,Tax increase plan for the European Union
927,15,5,Víctor González Coello de Portugal,Vox,Garbage Topic
928,28,20,Ana Prieto Nieto,PSdeG-PSOE,Climate change and future
929,2,2,Ana María Zurita Expósito,PP,Society's values and rights
930,0,0,Pilar Cancela Rodríguez,PSdeG-PSOE,Political opinion
931,32,15,Carmen Calvo Poyato,PSOE,National Covid Crisis
932,21,7,Margarita Prohens Rigo,PP,Madrid elections (candidates congratulations)
933,127,37,Jaume Asens Llodrà,En Comú Podem,I Congress on Childhood and Adolescence
934,8,2,María de los Reyes Romero Vilches,Vox,Society's values and rights
935,40,27,Luis Gestoso de Miguel,Vox,Political opinion
936,37,11,Francisco José Contreras Peláez,Vox,Madrid elections (candidacies)
937,217,128,Edmundo Bal Francés,Ciudadanos,Society's values and rights
938,7,4,Inés María Cañizares Pacheco,Vox,Garbage Topic
939,371,91,María Teresa López Álvarez,Vox,I Congress on Childhood and Adolescence
940,27,11,Luis Gestoso de Miguel,Vox,I Congress on Childhood and Adolescence
941,2,2,Martina Velarde Gómez,Unidas Podemos,National Covid Crisis
942,134,40,Alberto Rodríguez Rodríguez,Unidas Podemos,Madrid elections (candidacies)
943,1091,234,Yolanda Díaz Pérez,En Común,Garbage Topic
944,72,34,Georgina Trías Gil,Vox,Evolution of the vaccination plan and pandemic situation
945,364,165,Edmundo Bal Francés,Ciudadanos,Society's values and rights
946,87,8,Manuel Mestre Barea,Vox,Madrid elections (candidates congratulations)
947,66,28,Antonio González Terol,PP,Madrid elections (candidates congratulations)
948,103,48,María de los Reyes Romero Vilches,Vox,Threats to left-wing politicians (bullet on card)
949,4,2,Carmen Riolobos Regadera,PP,Tax increase plan for the European Union
950,93,47,Pilar Cancela Rodríguez,PSdeG-PSOE,Madrid elections (candidacies)
951,33,18,Sara Giménez Giménez,Ciudadanos,Garbage Topic
952,7,2,Francisco José Alcaraz Martos,Vox,Political opinion
953,55,15,José Ignacio Echániz Salgado,PP,Madrid elections (candidacies)
954,43,21,Francisco José Contreras Peláez,Vox,National Covid Crisis
955,7,3,Lídia Guinart Moreno,PSC,National politics
956,2,1,Emilio Jesús Del Valle Rodríguez,Vox,Working class defense
957,25,21,Víctor Valentín Píriz Maya,PP,I Congress on Childhood and Adolescence
958,40,9,Joan Mena Arca,En Comú Podem,Political opinion
959,0,0,Joaquín Robles López,Vox,Tax increase plan for the European Union
960,73,49,Juan José Aizcorbe Torra,Vox,Political opinion
961,1,1,Joaquín Robles López,Vox,Society's values and rights
962,2952,841,Beatriz Álvarez Fanjul,PP,National Covid Crisis
963,2,1,Miguel Ángel Castellón Rubio,PP,Climate change and future
964,34,10,José Ángel Alonso Pérez,PP,Society's values and rights
965,1223,424,Juan Luis Steegmann Olmedillas,Vox,Evolution of the vaccination plan and pandemic situation
966,28,12,José María Figaredo Álvarez-Sala,Vox,Climate change and future
967,1,0,Odón Elorza González,PSE-EE-PSOE,National Covid Crisis
968,2090,283,Omar Anguita Pérez,PSOE,Hatred and threats to the welfare state
969,103,25,Víctor Valentín Píriz Maya,PP,Threats to left-wing politicians (bullet on card)
970,4,0,Rosa María Romero Sánchez,PP,Madrid elections (candidates congratulations)
971,15,5,Víctor Valentín Píriz Maya,PP,Society's values and rights
972,82,40,Jaume Asens Llodrà,En Comú Podem,Hatred and threats to the welfare state
973,1924,942,Ana Belén Vázquez Blanco,PP,Society's values and rights
974,72,37,Sofía Fernández Castañón,Unidas Podemos,Hatred and threats to the welfare state
975,1218,582,Juan Antonio López de Uralde Garmendia,Unidas Podemos,Madrid elections (candidates congratulations)
976,7,2,Rosa María Romero Sánchez,PP,Social values related to families
977,170,12,Marta Martín Llaguno,Ciudadanos,Climate change and future
978,40,12,Alicia García Rodríguez,PP,Garbage Topic
979,27,10,María Teresa Jiménez-Becerril Barrio,PP,National politics
980,14,8,María Carvalho Dantas,ERC-S,Working class defense
981,3,2,Francisco José Contreras Peláez,Vox,Evolution of the vaccination plan and pandemic situation
982,86,31,Juan Luis Steegmann Olmedillas,Vox,Threats to left-wing politicians (bullet on card)
983,47,11,Víctor Manuel Sánchez del Real,Vox,National Covid Crisis
984,3781,1396,Iván Espinosa de los Monteros de Simón,Vox,Threats to left-wing politicians (bullet on card)
985,72,19,Jaume Asens Llodrà,En Comú Podem,Evolution of the vaccination plan and pandemic situation
986,106,48,Ione Belarra Urteaga,Unidas Podemos,Madrid elections (candidates congratulations)
987,10,0,Juan Antonio López de Uralde Garmendia,Unidas Podemos,Garbage Topic
988,7,3,Víctor Valentín Píriz Maya,PP,National politics
989,15,4,María Valentina Martínez Ferro,PP,Madrid elections (candidates congratulations)
990,58,19,Víctor Valentín Píriz Maya,PP,Madrid elections (candidacies)
991,5,3,Indalecio Gutiérrez Salinas,PSOE,Evolution of the vaccination plan and pandemic situation
992,226,73,Alberto Garzón Espinosa,Unidas Podemos,Evolution of the vaccination plan and pandemic situation
993,0,0,Odón Elorza González,PSE-EE-PSOE,National Covid Crisis
994,6,4,María Carvalho Dantas,ERC-S,Evolution of the vaccination plan and pandemic situation
995,1535,739,Macarena Olona Choclán,Vox,Climate change and future
996,11335,1421,Oskar Matute García de Jalón,EH Bildu,I Congress on Childhood and Adolescence
997,1,2,Agustín Almodóbar Barceló,PP,Madrid elections (candidacies)
998,9,0,Juan Francisco Serrano Martínez,PSOE,Political opinion
999,757,282,Víctor Manuel Sánchez del Real,Vox,I Congress on Childhood and Adolescence
